Add-on,Policies available in
1,1,2,3,4,5,6,7,8,9,10,11,12,13,14,15,16,17,18,19,20,21
2,1,2,3,4,5,6,7,8,9,10,11,12,13,14,15,16,17,18,19,20,21
3.1,1,3,5,9,13,16
3.2,2,7,11,15,19
4,2,4,8,10,12,14,17,20
5.1,3,8,14,18
5.2,1,6,11,21
6,2,5,7,10,12,13,15,18,20
7,1,4,6,9,11,13,16,21
8,2,4,6,7,12,14,17,19
9,",3,5,8,10,12,15,16,20
10,1,4,5,7,10,14,15,18,21
11,2,3,6,8,9,11,13,17,19
12,16,17,18,19,20,21
65,1,2,3,4,5,6,7,8,9,10,11,12,13,14,15
66,1,3,5,9,11,13,16,18,19,21
67,2,7,8,10,14,17,18,20,21
68,1,4,6,10,13,16,17,19,21
69,2,5,8,10,12,14,16,18,20,21
70,1,3,6,8,12,14,17,18,19
71,2,4,7,8,9,11,15,16,19
